processed_sentence,sentiment
dont trust website dont expect helpful support,0
film terrible credit version watchable,0
really recommend place go wrong donut place,1
memory murky say enjoy every single episode product relate show,1
headset work great package nicely avoid damage,1
noise shield incrediable,1
take min get milkshake nothing chocolate milk,0
movie possibly one creative work horror ever,1
might get defect would risk buy built quality alone,0
unfortunately work,0
close house lowkey nonfancy affordable price good food,1
track command sentiment actually contribute scene character,1
restore phone like new performance,1
everything description say would,1
look good quality motorola headset keep look isnt,0
first enough racial stereotype racial joke offend everyone,0
mortify,0
wonton thin thick chewy almost melt mouth,1
great place fo take eat,1
youll love thin,1
superb,1
act film glad youre gon na drift away earth far possible,0
usable keyboard actually turn pda realworld useful machine instead neat gadget,1
well never go,0
food way overpriced portion fuck small,0
love look feel samsung flipphones,1
brother law work mall ate day guess sick night,0
recommend igo anyone different brand cell player family,1
gosh best phone ever,1
ask bill leave without eat didnt bring either,0
dont make mistake,0
waitress little slow service,0
great phone,1
reception generally good,1
food arrive quickly,1
like loud buzzing override conversation phone,0
guess like detail dysfunctionhe believable,1
far bad purchase ive make amazon,0
bad reception,0
essentially forget microsofts tech support,0
meat pretty dry slice brisket pull pork,0
din space tiny elegantly decorate comfortable,1
even take self portrait outside exterior display cool,1
avoid establishment,0
best place go tasty bowl pho,1
brilliance indeed,1
highly recommend,1
battery unreliable well service use antena,0
premise film ridiculous president u,0
network coverage los angeles horrible,0
exceptionally bad,0
think good investment,1
unfortunately cover girl example hollywood use exploit woman financial gain,0
overall psyched phone appointment contact get great reception,1
although much like look sound place actual experience bit disappointing,0
reception terrible full static,0
portable work,1
recommend friends,1
bela lugosi totally extraneous intone odd line,0
say dessert yummy,1
razr battery good buy,1
assure ill back,1
hear garbage audio,0
order duck rare pink tender inside nice char outside,1
pull car wait another minute acknowledge,0
never ever go back,0
love grilled pizza remind legit italian pizza,1
yes shiny front side love,1
continue come lady night andddd date night highly recommend place anyone area,1
film sole bright spot jonah hill look almost unrecognizable fan recent superbad due amount weight lose interim,1
piece trash,0
everything fresh delicious,1
lucy bell much high crap sink low quite depressing,0
integrate seamlessly motorola razr phone,1
good item low price,1
mature subtle script suggest occasionally bring dramatic focus underlying tension well serve perfect performance apart odd inappropriate smile keira knightley prone though perhaps direction time character often mention,1
explosion gas tank end awful,0
dont waste time,0
constantine give everything right intensity seem good understanding underlying psychological motivation,1
reception excellent,1
go motorolas website follow direction could get pair,0
food arrive meh,0
chemistry ben affleck sandra bullock film couldnt understand would consider even leave wifetobe chick supposedly knock,0
today first taste buldogis gourmet hot dog tell ever think possible,1
product ideal people like whose ear sensitive,1
plug wrong size,0
movie good humorous comment life,1
receive quickly work great,1
good enough price,0
nice design quality,1
id advise anyone go see,1
need two hand operate screenthis software interface decade old compete new software design,0
thumb seller,1
believe pitch black do well,1
place fairly clean food simply wasnt worth,0
single employee come see ok even need water refill finally serve u food,0
sad,0
dissapointing performance,0
month screen go black sudden,0
love fact everything menu worth,1
one didnt work either,0
music film really nice,1
awesome new look fall,1
food terrible,0
save money ive item month,0
love ownerchef one authentic japanese cool dude,1
director paul matthew also wrotedirected weak monster movie grim clearly doesnt know pace film,0
service perfect family atmosphere nice see,1
disgust pretty sure human hair,0
case bad laughable,0
order lemon raspberry ice cocktail also incredible,1
would recommend item,1
short monumental waste time energy would recommend anyone ever see film,0
plus buck,1
warranty problem reoccurebottom line put money somewhere else cingular support,0
doesnt hold charge,0
every time eat see care teamwork professional degree,1
ambiance incredible,1
must night place,0
show make american stupid full hatred clichés admit elsewhere,0
crêpe delicate thin moist,1
friend like bloody mary,0
service quick even go order like like,1
love place hit spot want something healthy lack quantity flavor,1
get food apparently never hear salt batter fish chewy,0
drive bark mad,0
also great see renowned silent screenwriter france marion hasnt miss step go silent sound,1
happy product,1
staff friendly joint always clean,1
ive good bagel grocery store,0
guy say he well dialogue potted plant right,0
fella get huevos rancheros didnt look appeal,0
continuously beautiful look bertolucci relationship convincing narrative engaging master work,1
everything product wrongfirst,0
know sound funny seem like sketchy technology wouldnt work wellwell one work great,1
research development division obviously know theyre,1
popular cinema good house good reaction plenty laugh,1
cant relate hell barely understand,0
uneasy bad movie scar,0
awkward use unreliable,0
poor quality service,0
server suck wait correction server heimer suck,0
crust good,0
recognize phone storage device,0
world well garbage theatre today,1
great double cheeseburger,1
initially local site film film buffalo intrigue,1
thus far visit twice food absolutely delicious time,1
make sturdy,1
two year leave contract hate phone,0
extraordinary film,1
share general loewenhielms exquisite joy partaking cailles en sarcophage even though watch movie wish small sample savor,1
great choice,1
however bt headset currently good real time game like firstperson shooter since audio delay mess,0
early review note plug charger nothing happens,0
see,1
warm beer didnt help,0
one want surf small wave space movie deep impact armageddon one fail everywhere,0
try cable computer ipod work fine,1
italian reviewer call small great film thats right,1
watch wash machine twirl around wouldnt hurt eye much show,0
shift bubble peel even scratch nothingi couldnt happy new one droid,1
even allow poor production value time format kind miniseries baaaaaad,0
ill give film,1
probably wont back honest,0
doesnt work bougth work,0
disbelief dish qualify bad version food ever taste,0
definitely bargain,1
pricing bit concern mellow mushroom,0
server great job handle large rowdy table,1
kind embarrass use look mostly embarrass childlike company,0
decor nice piano music soundtrack pleasant,1
experience terrible fourth bluetooth headset much comfortable last jabra hat,0
plethora salad sandwich everything ive tried get seal approval,1
drink weak people,0
restaurant clean family restaurant feel,1
battery junk,0
take battery phone put back together restart,0
four star food guy blue shirt great vibe still let u eat,1
work great cat attack phone scratch protective strip instead destroy screen,1
whole experience underwhelming think well go ninja sushi next time,0
work fine,1
good plot hold complete attention acting superb tom wilkinson fantastic emily watson also good,1
potato chip order sad could probably count many chip box probably around,0
virgin wireless rock cheap little phone,1
join club get awesome offer via email,1
contact company tell although unit still warranty couldnt produce receipt luck,0
hour seriously,0
total package,1
love movie great portrayal family share ups end know special love,1
interesting premise billy drago always good dangerous nutbag side note id love see drago stephen mchattie lance hendrikson flick together talk rag cheekbone,1
interplay martin emilio contain wonderful chemistry saw wall street martin charlie,1
im happy,1
bland flavorless good way describe barely tepid meat,0
suck stuff work phone,0
keep good work amazon,1
plot derivative predictable end like mercy kill,0
maybe would reasonable explanation atrocity,0
instruction didnt explain microphone jack could use,0
however year fliptop start get loose wobbly eventually screen go black couldnt receive place call,0
im really disappointed charger doesnt work,0
everything work first trythe device certainly engineer clever way construction feel good,1
add betty white jean smart great cast everyone play part really well,1
havent choke vomit end cheap drama worthless dialogue youve must bore death waste time,0
even good camp value,0
like design look jabra behing ear headset pretty comfortible wear hour day without pain ear,1
ive live since first last time ive stepped foot place,0
read spec alone make say wow,1
well act do tv movie,1
id rather eat airline food seriously,0
opening sequence gem classic cat mouse game follow delight watch,1
side cafe serf really good food,1
dish salmon best great,1
come strong light use light camera shot even flash so signal seriously,1
potato like rubber could tell make ahead time keep warmer,0
waiter wasnt helpful friendly rarely check u,0
obviously terrible customer service get pay,0
good item work start problem auto reverse tape player,0
good year ago,1
food suck expect suck could imagine,0
disappointed,0
god never get minute back,0
result phone either stick max volume mute,0
able voice dial car problem,1
reason eat would fill night binge drinking get carbs stomach,0
poor voice clarity,0
movie almost action scenes little comedy,0
overall impressed would go back,0
dont think well go back anytime soon,0
battery life also great,1
ps scene movie cool central character find room blow,1
mediocre every aspect become dull uninteresting mess one forgettable movie ive see,0
like reviewer say couldnt pay eat place,0
extremely slow take forever anything,0
ill definitely soon,1
would give star able,0
fun experience,1
attempt artiness black white clever camera angle movie disappoint become even ridiculous acting poor plot line almost nonexistent,0
last time buy,0
lame,0
bus boy hand rude,0
none engage excite,0
hate thing much cheap quality black olive,0
still wait im sure item would work well ever recieve,0
big disappointment calendar sync,0
conclusion bother movie volcano los angeles nothing nonsense,0
buy mainly charger break soon purchase,0
guess maybe go night disgraceful,0
,1
lot website rating good phone,1
table outside also dirty lot time worker always friendly helpful menu,0
feelgood film thats felt come cinema,1
writer smack think best actor actress bonus showthese character real,1
grandmother make roasted chicken well one,0
character interesting really care,1
place handsdown one best place eat phoenix metro area,1
wow spicy delicious,1
bad lose heart finish,0
scene debate whether sack trumpeter falsely accuse murder pure horror really stupid,0
work week break,0
worst service boot least worry,0
nice case feel good hand,1
acting like watch wooden puppet move around read book thats bad,0
story beyond stupid,0
try many many handsfree gadget one finally work well,1
thats id describe painfully dreary timewaster film,0
wind lion well write superbly act,1
good bargain,0
glad find place,1
bad day low tolerance rude customer service people job nice polite wash dish otherwise,0
timely shipment quality product,1
piece junk lose call phone,0
check voice mail night keypad backlight turn second first message im lost,0
movie suffer write need suspense,0
great hand free device,1
im bit disappointed,0
also difficult put onid recommend avoid product,0
always know errol flynn brilliant actor dad favourite actor grow watch film child,1
range decent ive able roam around house phone living room receptionsound quality issue,1
service stink,0
first reception suck never bar ever,0
happy far,1
otherwise easy install use clear sound,1
furthermore cant even find hour operation website,0
unfortunately ability actually know receive call rather important feature phone pitiful respect,0
good stuff price,1
movie seem drag hero didnt really work freedom,0
seriously worth waste kid time,0
felt though go ireland absolutely nothing whatsoever,0
unusable moving car freeway speed,0
im terribly disappoint film would receive many award accolade especially far deserving work film,0
waitress friendly happy accomodate veganveggie option,1
right case movie deliver everything almost right face,1
greek dressing creamy flavorful,1
def come back bowl next time,1
host staff lack good word bitch,0
great earpiece,1
service outshine definitely recommend halibut,1
crisp clear,1
great headset impressed,1
want leave,0
great software motorolas,1
sad little vegetable overcook,0
character funny peculiarity true lead character,1
probably dirt,0
child truly enjoy show proudly say enjoy big time even classical wb cartoon,1
rest cast also play well,1
order burger rare come well do,0
pale color instead nice char flavor,0
hell go back,0
lasted one day blow,0
shot southern california desert use patent faux documentary style watkins create film like,1
saw mirrormask last night unsatisfactory experience,0
phone try hard everything fail ability phone,0
none new one ever quite work properly,0
check place couple year ago impressed,0
right mind gon na buy battery,0
one best bar food vega,1
nice spicy tender,1
nothing short magnificent photographycinematography film,1
great ipod,1
real plot,0
movie create universe fascinate every way,1
service terrible food mediocre,0
someone involve know string together narrative,0
first thing happen tracking,0
im glad find product amazon hard find wasnt high price,1
fact like good interview vampire like lestat stuart townsend good cruise attempt,1
pretty cool would say,1
indescribably annoying idiotic show ever see,0
glad purchase,1
love death decay shakespears lyric one,1
way expensive,0
good thing ticket cost five dollar would mad id pay see crap,0
impress product,0
cant beat price,1
price great deal,1
movie excellentangel beautiful scamp adorablehis little yelp he scaredand funny part whenscamp catch curtain angel scamp sing ive never feeling beforei totally recommend movieits come special edition june cover scamp garbage angel underneath lid,1
high adventure best,1
poor remake best friend wed,0
one nice thing add gratuity bill since party large didnt expect tip,1
igo charger tip really great,1
pleased know modern day genius let passion art drive take u audience,1
bad martini ever,0
hayao miyazakis late eighth film studio ghibili gake ue ponyo ponyo cliff sea wonderfully fun imaginative look childhood,1
go rent,1
open sandwich impressed good way,0
unfortunately set u disapppointment entree,0
disappoint accessory good manufacturer,0
duris wholesome appearance give fine performance,1
steve martin deliver really funny performance middleaged upper class uptight white guy,1
directing cinematography arent quite good,0
pair iphone could happy far,1
portion huge,1
juano hernandez exceptional actor play support role many film era proud black man accuse murder white man south,1
voice recognition thru handset excellent,1
great jawbone,1
say bye bye tip lady,0
equally awful,0
overall like place lot,1
film lack convincing script,0
real killer volume course break,0
pairing two device easy barely take couple minute start make call voice dial feature,1
buffet small food offer bland,0
think errol flynn brilliant custer since become favourite actor,1
elias koteasjack palance play good role angelina hot get nakedbilly drago appear cool usual cameo sven ole thorsen help make enjoyable movie good acting decent budget,1
soggy good,0
take picture battery drop bar start beep let know dieing,0
ha long bay bit flop,0
people first timer film making think excellent job,1
post detailed comment grey black phone fire red great color,1
get signal verizon phone wont,1
make call certain place,0
like patio service outstanding,1
also take picture case lense cover,0
waiter attentive friendly informative,1
look sharp screen nice clear great graphic,1
thing think could improve sound leak headset,0
uncomfortable sound quality quite poor compare phone razr previous wired headset plug lg,0
see film,1
great deal,1
best scene movie gerardo try find song keep run head,1
flair bartender absolutely amazing,1
probably would go,0
good joint,1
look like wonderful story,1
one bad film ever see,0
trouble volume,0
great place highly recommend,1
artless camerawork endlessly present u ugly setting imaginable ie,0
send back,0
weird vibe owner,0
battery terrible,0
place great,1
dont buy product,0
warn stay away,0
great film great director,1
bug never show would give sure side wall bug climb kitchen,0
back,0
highquality chicken chicken caesar salad,1
hope place stick around,1
ill even say torture,0
would come back sushi craving vega,1
didnt make scared horrify make sympathetic towards character simply annoy,0
use bitpim free program find internetto transfer data phonethe price cable excellent,1
nice leather,1
dont understand garbage get shelf movie store even real movie,0
get inside youll impress place,1
actually turn pretty decent far blist horrorsuspense film go,1
one bite hook,1
clear skype call long battery life long range,1
definitely worth see sort thought provoking film force question threshold loneliness,1
football scene end perplex,0
people like european film art movie like movie,1
phone crash completely get replace,0
didnt realize wonderful short really last two scene,1
poorly contstruct hinge,0
word embarrass,0
shower area outside rinse take full shower unless dont mind nude everyone see,0
though wind lion tell largely eye son every member family identify one character whether sean connerys noble brigand candace bergens feisty heroine john huston wily john hay steve kanalys spiffy radiant ruthless cando lieutenant roosevelt big stick,1
get bored watching jessice lange take clothes,0
could recommend,0
unfortunately inexperience direction meant scene scene pass little way dramatic tension conflict,0
movie edge seat make somewhat afraid go car end night,1
nice blanket moz top feel like do cover subpar food,1
exquisite visual composition moment inventive elegant use closeup camera angle light include pointillistic faux home movie footage wonder joy behold,1
much say place walk expect amaze quickly disappointed,0
cool,1
thing like prime rib dessert section,1
first phone ive cheaply make,0
purchase phone,0
great product sure beat use finger,1
bore,0
overall like food service,1
food rich order accordingly,1
crash depressing little nothing provoke emotion teach nothing already know racism prejudice bad thing,0
everything good tasty,1
cashew cream sauce bland vegetable undercooked,0
work comfortable,1
line seem write fifteen year old though try oh hard sound like fifteen year old would really um know well talk,0
love put food nice plastic container oppose cram little paper takeout box,1
bathroom next door nice,1
could eat bruschetta day devine,1
phone sturdy nokia bar phone,1
campy sort film thats joy watch,1
phone thorn side really abhor,0
find product waaay big,0
chicken deliciously seasoned perfect fry outside moist chicken inside,1
battery work well replacement original come phone year ago,1
every thing phone work perfectly like,1
guy steak steak love son steak best bad place say best steak he ever eat,1
simple use like,1
acting decidely wooden though bad period universal movie,0
chip sals amazing,1
true classic,1
brilliant twist end,1
cable look thin flimsy scary,0
thank waste money,0
last less minute actually try use phonemy wife phone problem,0
cool case open allow screen get scratch,1
really create unique feeling though,1
place worth time let alone vegas,0
believe every one see movie think people outside south africa understand past attempt truth reconciliation process,1
mobile phone tool must,1
pretty piece junk,0
mistake,0
slowmoving aimless movie distressed drifting young man,0
hour half wish could bring back,0
see kid chanceit open amazing dialog far race relation come last year,1
avoid avoid avoid,0
buy phone replacement startac regret since,0
muddy low quality sound casing around wire insert poorly super glue slide,0
would recommend others,1
id like return,0
always great time do gringo,1
good,0
give thumb,0
find move beautiful enjoyable uplifting,1
patio seating comfortable,1
excellent performance,1
point proceeding look remotely like america,0
average phone bad battery life operate weak network,0
excellent performance m,1
waste,0
good lunch spot,1
secondary plot line incomprehensible relation primary plot line mystify,0
deeply impressed character play,1
first movie ive give year,1
sat right time server get go fantastic,1
love able use one headset landline cell,1
never bland food surprise consider article read focus much spice flavor,0
great pocket pc phone combination,1
instead get bore fest whiny spoil brat babysitting,0
love authentic mexican food want whole bunch interest yet delicious meat choose need try place,1
sauce tasteless,0
give star sound quality,1
shouldnt take min pancake egg,0
read others review havent problem,1
fit comfortably either ear sound clear loud charge last couple day,1
case seem well make,1
great item,1
ive drop phone time say even concrete phone still great knock wood,1
disappointed accessoryone,0
wont return,0
description say yum yum sauce another say eel sauce yet another say spicy mayowell none roll sauce,0
rotating beer tap also highlight place,1
wife hat meal coconut shrimp friend really enjoy meal either,0
wait hour seat great mood,0
dont make mistake please dont buy phone,0
fantastic service please atmosphere,1
eat multiple time time food delicious,1
bad choice,0
one movie need see whenever come tvnever mind fact already memorize,1
brilliant,1
aerial scene welldone,1
whatever avoid groove antithesis good human traffic,0
big waste time,0
kind flop around,0
first time ever come amazing experience still tell people awesome duck,1
story also funny poignant time,1
come back cold,0
use small earpiece provide stay pretty well,1
eclectic selection,1
love casting jimmy buffet science teacher,1
cocktail handmade delicious,1
unfortunately good,0
want healthy authentic ethic food try place,1
choose torture disgust piece blatant american propaganda,0
script script,0
lead man charismafree,0
boyfriend try mediterranean chicken salad fell love,1
rating grade note show bad even mother cast pull daughter show,0
sweet phone,1
sit another ten minute finally give leave,0
positive note server attentive provide great service,1
ryans bar definitely one edinburgh establishment wont revisit,0
dont think disappoint,1
nice solid keyboard,1
best service food ever maria server good friendly make day,1
poor batter meat ratio make chicken tender unsatisfying,0
delivery time,1
go give star rating please know third time eat bachi burger write review,0
sprint charge service,0
battery completely useless,0
loudspeaker option great bumper light appeal,0
beautiful styling though,1
macarons insanely good,1
plan use car forget,0
minute footage waste show mediocre elderly actor awkwardly babble overwrought pseudosatanic gibberish corny enough make teen goth blush almost always olde english sometimes latin may may make word,0
like movie like matrix good yet sequel think youll appreciate thought provoke mindblowing experience film give,1
terrible product waste money,0
battery life still long enough motorola razor,0
order appetizer take minute pizza another minute,0
act alongside olivia de havilland brilliant end fantastic,1
movie kind long length enjoy every minute,1
menu much good stuff could decide,1
wish could enter negative value admins,0
someone order two taco dont think may part customer service ask combo ala cart,0
comfortable wear well probably important aspect use case,1
especially love long battery life,1
poor sound quality,0
left frustrated,0
definitely must state allow cell phone usage drive,1
ive bluetooth week really like,1
filmmaker director would hide head sand id spend whatever amount money time movie,0
spaghetti nothing special whatsoever,0
incredible soundtrack truly capture essence film,1
couple month later return amazing meal,1
couldnt take seriously,0
user friendly,0
price reasonable flavor spot sauce home make slaw drench mayo,1
please stay away shrimp stir fry noodle,0
deserve star,1
disappoint,0
wouldnt recommend buying product,0
dont many word say place everything pretty well,1
hate movie like,0
wouldnt see movie free,0
cant get software work computer,0
food outstanding price reasonable,1
authentic leather nice shine comfort recommend case,1
cheap feel look cheap,0
beware trashy cult movie trash period,0
great disappointment,0
full unconvincing cardboard character blandly write edward chodorov also produce surprisingly direct jean negulesco one would expect great deal,0
phone unusable new,0
film use word loosely insult moviegoing public,0
work listen music cingular,0
defective crap,0
film highlight fundamental flaw legal process discover guilt innocence rather present good court,1
get sit fairly fast end wait minute place order another minute food arrive,0
product useless since enough charge current charge cellphone plan use,0
frozen margarita way sugary taste,0
great phone,1
much seafood like string pasta bottom,0
particular model would work motorola smartphone,0
youre familiar check,1
total letdown would much rather go camelback flower shop cartel coffee,0
everything gross,0
seem completely secure hold belt keep iphone inside,1
volume switch rocket unit destination unknown,0
get home see dry damn wing ever,0
honeslty didnt taste fresh,0
best luck rude noncustomer service focus new management,0
rip charge shipping,0
movie full wonderful dance hence title,1
plastic break really easy clip,0
find six inch long piece wire salsa,0
black eyed pea sweet potato unreal,1
take one drop inch kitchen counter crackedi impressed laugh,0
work perfectly,1
sort pap screen afternoon punish unemployed job,0
phone also take great picture even video clip,1
time seem film animation dominate disneypixars cgi masterpiece refresh comfort know miyazaki still rely traditional handdrawn animation tell charming enchant story,1
problem think actor play villain low rent michael ironside,0
century fox road house quite silly noir implausible unmitigated bore movie,0
drive get,0
nothing believable,0
really nothing postinos hope experience well,0
someone shouldve invent sooner,1
house get dropped coverage upstairs coverage basement,0
say abovepretty useless,0
however see short year amaze timeless film actually,1
also fry without doubt bad fry ive ever,0
work hospitality industry paradise valley refrain recommend cibo long,0
like way dustin hoffman character ready everything stay son,1
wasnt really impressed strip steak,0
obviously problem adhesive,0
disgrace,0
three different occasion ask well do medium well three time get bloody piece meat plate,0
sum film breeder terrible cheaply make horror movie avoid like ebola virus,0
best rotate feature helpful,1
go store buy new nokia phone work great,1
husband say rude even apologize bad food anything,0
however keypad tinny sometimes reach wrong button,0
go first negatively review product,0
cheap hey work pleasantly suprised give low cost item,1
replacement die week,0
purchase within day long work,0
immediately say want talk manager want talk guy shot fireball behind bar,0
yeah movie pretty much suck,0
real disappointment waiter,0
end day one bad bigbudget action movie ive ever see,0
cant explain movie romanticcharminghilariousand adorablethe junkyard scene funnyall junkyard dog something specialtoo funny laughedkids love itbuy come outit new feature,1
ground right next table large smear beensteppedinandtrackedeverywhere pile green bird poop,0
seafood limit boil shrimp crab leg crab legs definitely taste fresh,0
even love bad movie watch movie,0
almost song cover girl oldfashioned tuneful,0
sprint terrible customer service,0
case less extra originally put later discard scratch ear,0
like movie way much,1
food tasty say real traditional hunan style,0
im go eat potato find stranger hair,0
personally think show people learn find compromise self without involve people issue,1
premise sound stupid thats,0
review long overdue since consider tale two sister single greatest film ever make,1
dont know place manage serve bland food ever eat prepare indian cuisine,0
flavorful perfect amount heat,1
really really good rice time,1
painful,0
love device,1
movie terribly bore place,0
reader already see one miyazakis film still top form make another worthwhile experience,1
may bad film ever make,0
thing,0
good food great,1
go far many place ive never see restaurant serve egg breakfast especially,0
there really nothing bad say headset,0
course footage grainy enhance film,1
good phone,1
ive own phone month say best mobile phone ive,1
thumb,1
drain weak snap,0
seriously good pizza im expertconnisseur topic,1
horrible attitude towards customer talk one customer dont enjoy food,0
scenery two daughter paint photograph beautiful,1
cant store anything phone number sim,0
believe actor agree film,0
film lack real scare tension medical terminology use throughout bit iffy say least say insulin dependant diabetic,0
classic maine lobster roll fantastic,1
exchange phone even problem,0
im disappointed decision,0
guess nobody network air dribble watch put,0
lifetime air enough anyone know store sell let know musthave,1
jamaican mojitos delicious,1
clear range ability pull part,1
kid annoy,0
best bluetooth market,1
far best cheesecurds ever,1
pretty easy,1
steer clear product go genuine palm replacementr pen come threepack,0
recommend,0
carry movie well,1
definitely cult classic well worth view share others,1
food barely lukewarm must sit wait server bring u,0
easily none cartoon make laugh tender way get dark sitcom orient teenager,1
otherwise dont even waste time,0
also order spinach avocado salad ingredient sad dressing literally zero taste,0
score mostly plot,1
case pass one year mark show sign wear functional,1
dont think would hold securly belt,0
wow bad film,0
easy use,1
service prompt,1
best electronics available fm transmitter,1
term write fresh bold,1
try make call exercise frustration,0
best buffet town price beat,1
steak amazingrge fillet relleno best seafood plate ever,1
happy,0
phone get buy say wow,1
every element story top excessively phony contrive painful sit,0
mom get home immediately get sick bite salad,0
literally sit minute one ask take order,0
even squibs look awful,0
phone year tell great,0
charming film wonderful sentiment heart,1
id expect good consumer experience motorola,0
uncomfortable ear dont use lg env,0
shameful,0
bottowm lineanother worthless cheap gimmick sprint,0
strawberry tea good,1
acting terrible writing bad,0
jerky camera movement also annoy,0
love bacon wrap date,1
disappointed,0
go see movie bring pillow girlfriendboyfriend keep occupy,0
annoying thing cover girl way rita hayworth put pedestal,0
funny clever hip like prays previous film hype,1
product cost much one expect work far well great ease thing,0
good thing waiter helpful keep bloddy mary come,1
good youd expect,1
plus seriously believe worth steep price point,0
everyone attentive providing excellent customer service,1
phone slim light display beautiful,1
must study anyone interested bad sin industrial design,0
felt light tinny,0
place lot promise fail deliver,0
bad fit way big,0
soyo technology suck,0
bipolarity ruthless thug one minute ruthless killer next minute luvs diaper commercial completely unconvincing,0
none work dont buy,0
avoid cost,0
burger get gold standard burger kind disappointed,0
great bluetooth,1
give,1
directing seem pretentious,0
buyer remorse one,0
ill drivng along headset start ring reason,0
waste little money earpiece,0
sound quality excellent well,1
mention combination pear almond bacon big winner,1
he national treasure,1
fantastic buy get whatever next phone,1
commercial misleading,0
precisely give bad review,0
good show samsung,1
great place couple drink watch sport event wall cover tv,1
lighting awful,0
keep get bad bad im officially do,0
plantronics bluetooth excelent buy,1
okay like consider fair critic ill give credit credit duethe creature effect actually pretty cool,1
allergy warning menu waitress absolutely clue meal contain peanut,0
disappointing dinner go elsewhere dessert,0
id love go back,1
battery chargelife quite long,1
bit predictable,0
best ive found far ive try bluetooths one best quality listener well ease use,1
havent go go,1
lighting dark enough set mood,1
server super nice check u many time,1
essentially communication tool communicate,0
embarassing also ear hurt try push ear plug ear,0
use dirty,0
comfortable nice range good battery life,1
find place accident could happy,1
wed definitely go back,1
original body soul masterpiece,1
food come disappointment ensue,0
nano state itmy son dissapointed,0
spend money time place else,0
oh yeah storyline pathetic,0
get angry want damn pho,0
super charge use small hybrid palmtopcameracellphone excels role,1
anyway think go back,0
great phone,1
hand favorite italian restaurant,1
achille philippa beautifully sing duet giovanni perfectly describe situation movie appreciate subtle layer excellent film,1
food really good get full petty fast,1
punishment park brilliant piece cinema,1
scallop dish quite appal value well,0
really good product,1
sushi strip place go,1
best tater tot southwest,1
get job do,1
movie show lot florida best make look appeal,1
small dont even realize get use,1
great pizza salad,1
wow love place,1
poor service,0
cg open sequence space look like could create microsoft slideshow god sake,0
come back every time im vega,1
script bad bad contain cheesiness unethical joke normally see rated movie,0
extensive menu provide lot option breakfast,1
however need good instruction,0
think film like dream,1
perfect sitdown family meal get together friend,1
first crawfish experience delicious,1
thank great service,1
verizon lg phone work well together good reception range exceed foot line sight,1
still like movie empowerment woman there enough movie like one,1
good price,1
never come,0
battery last hour,0
would recommend,1
cute quaint simple honest,1
nothing authentic place,0
clear quality sound dont mess sound ipod since sound button headset,1
hadnt waste enough life pour salt wound draw time take bring check,0
movie bad,0
exactly want,1
cant go wrong food,1
know make,1
construction headset poor,0
wont try go back even empty,0
much disappoint company,0
back good bbq light fare reasonable pricing tell public back old way,1
star trek final frontier bad series,0
good product incredible value,1
comfortable,1
del taco pretty nasty avoid possible,0
film offer many delight surprise,1
really pleased product far,1
set bad wouldnt look place thunderbird episode,0
never anything complain,1
take back money get outta,0
terrible phone holder,0
one movie never cease interest simply keep alert try attempt decipher meaning,1
side greek salad greek dressing tasty pita hummus refresh,1
order arrive one gyro miss,0
amazon suck,0
problem charge sandwich big subway sub offer good amount vegetable,0
case great work fine,1
dont bother come,0
good job quite amuse,1
story unfolds century jutland use period music play period instrument one fine touch,1
return hour later,0
simply want small flip phone look elsewhere extra bell whistle mediocre,0
ive see soap opera intelligent movie,0
actingeven professional drago debbie rochonwas terrible direct bad perhaps contributory former dialog chimplike camera work barely tolerable,0
display excellent camera good year,1
live neighborhood disappointed wont back convenient location,0
really want make experience good one,1
eargels channel sound directly ear seem increase sound volume clarity,1
also right balance war love,1
come back today since relocate still impressed,0
bacon hella salty,1
im return,0
hold charge long time reasonably comfortable longwearing condition quality sound tremendous,1
film give mean phrase never history human conflict much owe many,1
service leave lot desire,0
pay hot dog fry look like come kid meal wienerschnitzel idea good meal,0
chef generous time even come around twice take picture,1
wont go back,0
ive well atmosphere,0
overall delight,1
mother brother thiswhen saw robert ryan portraying type man good imitation type individual impressed,1
im try return refund,0
love margarita,1
movie definitely average rent,0
even bmw series fairly quiet trouble hear person say,0
disappointing,0
worst hour half lifeoh gosh,0
go back next trip,1
really like,1
good service clean inexpensive boot,1
bathroom clean place well decorate,1
least say act good,0
yet run new battery two bar thats three day without charge,1
could serve vinaigrette may make good overall dish still good,1
logitech bluetooth headset,1
warmth generate contrast austere backdrop,1
watch waiter pay lot attention table ignore u,0
story unbelievable actor,0
food good service good price good,1
order motorola data cable get well finish work product,1
im surprise good quality car charger theres much review,1
awsome device work great,1
krussel always good,1
zero star would give zero star,0
ive nearly year work great,1
best example dumb writing establish turn zombiestudents back human remove necklace contain piece meteorite,0
phone work great,1
none tone acceptable,0
also come back check u regularly excellent service,1
quite comfortable ear,1
horrible dont waste time money,0
please dont waste money,0
bose noise cancelling amaze important nyc commuter,1
owner use work nobu place really similar half price,1
screen size big key pad lit well enough camera quality excellent camera phone,1
good hop,0
doesnt work europe asia,0
extremely crumby pretty tasteless,0
bad experience ever,0
everything need couldnt ask,1
steak recommend,1
send back,0
highlight great quality nigiri,1
service think good,1
terrible car accept cassette,0
item work great break month use,0
exchange sony ericson im pretty happy decision,1
happy wonderful feel good end,1
dont yet hear mickey speak ton sound effect music throughout filmsomething take grant huge crowd pleaser,1
good thing fit comfortably small ear,1
fantastic food,1
really want plantronics right one many issue methe good,0
film ultracheap look,0
get food poisoning buffet,0
problem wit hit drop signal,0
roll eye may stay sure go back try,0
excellent,1
look good picture case huge disappointment,0
leave theater want go dance star,1
story line totally predictable,0
phone get extremely hot,0
great pork sandwich,1
saw short film hbo day absolutely love,1
clever real crowdpleaserthis film still rank among mickey best film even wonderful year,1
love mussel cook wine reduction duck tender potato dish delicious,1
never know push hard enough right number time function want,0
im super pissd,0
wasnt expect oscar material,0
dont know big deal place wont back yaall,0
entire audience applaud conclusion film,1
struggle find anything bad say,1
find movie intelligent even masterful say intelligence imagination obviously use try make sense pitiful attempt human nature try make sense thing,0
excellent product satisfied purchase,1
disappointing,0
avoid one,0
point journey journey touch every member family,1
song best muppets hilarious,1
would recommend,1
service little slow consider serve people server food come slow pace,0
linksys way exchange bad phone refurb unit something,0
first time might last,0
good product well make,1
setting,0
possible way movie could redeem would fodder,0
ear loop need tiny sound great,1
plus wellpaced suit relatively short run time,1
best headset use,1
hold phone particular angle party hear clearly,0
continue pair periodically since somehow keep drop,0
talk useless customer service,0
place,1
imdb rating go low awful time get negative number case,0
one table think food average worth wait,0
even sweet moment,1
guess suppose clever twist shed light situation stupid,0
place treo case snug lot extra room side,0
two seperated mere ft start notice excessive static garble sound headset,0
ive buy wired headphone sound good,0
get good reception clarity phone ive,1
folk otto always make u feel welcome special,1
disappointed wonder could oscar shortlist,0
never get,0
good battery get really fast,1
ribeye steak cook perfectly great mesquite flavor,1
phone sound ok great ok wife phone almost totally unintelligible couldnt understand word say,0
gyro basically lettuce,0
also new problem,0
seriously solid breakfast,1
go happy hour great list wine,1
dessert bit strange,0
verizon tech support walk procedure none work end hard reset wipe data,0
nothing recommend,0
order toasted english muffin come untoasted,0
much hype phone assume best mistake,0
service good company good,1
service exceptional food good review,1
food average,0
brain attempt shutdown part primal impulse selfpreservation,0
weve try like place time think do,0
know like restaurant something,0
always use cord headset freedom wireless helpful,1
damn good steak,1
product clearly ready prime time dont care cool look cant tell call come worthless,0
empty hollow shell movie,0
burger absolutely flavor meat totally bland burger overcook charcoal flavor,0
ursula burton portrayal nun touch funny time make fun nun church,1
say mouth belly still quite pleased,1
winner u,1
dont waste money,0
mic doesnt work,0
end slide edge pant back pocket instead,1
good product good seller,1
mediocre food,0
buffet bellagio far anticipate,0
always cut make beep beep beep sound say signal fail,0
like,0
wont go back anytime soon,0
staff super nice quick even crazy crowd downtown jury lawyer court staff,1
feel poorly construct menu difficult navigate button recessed difficult push,0
buy two neither charge,0
judith light one favorite actress think superb job film,1
wont forget movie,1
complaint,1
even stupid think idea volcano los angeles,0
instant classic great soundtrack catchy song end credit,1
update procedure difficult cumbersome,0
really nice atmosphere,1
customer service terrible,0
place clean food oh stale,0
rating,0
worst phone ever,0
needless say waste money,0
jiggle plug get line right get decent volume,0
make mistake,0
basically service bad,0
really enjoy eating,1
almost everyone involved must return school acting utterly predictable bad script pile garbage round,0
get lot compliment,1
love,1
first charge keep go dead minute,0
outstanding little restaurant best food ever taste,1
get phone around end may im completely unhappy,0
witty delightful adaptation dr seuss book brilliantly animate upas finest thoroughly deserving academy award,1
could take video time quality poor,0
battery work great,1
fat computer geek unbelievable bible thumper badass girl actor,0
horrible,0
worth every penny,1
infuriate,0
dont bother go store,0
use product motor control center lot high voltage hum equipment work great,1
wait wait wait,0
im eat,0
drive thru mean want wait around half hour food somehow end go make u wait wait,0
must say tap episode find watch,1
look authentic thai food go else,0
put late o like slow crawl lock every,0
argue verizon regard dropped call return phone two day,0
phone sturdy waterproof,1
grilled chicken tender yellow saffron seasoning,1
warn buy,0
try unit fail within month pro,0
finally three four time spring latch break could use longer visor,0
movie make sick watch slacker make excuse stupid action minute,0
ear occupy background distract,1
adapter provide enough charge current,0
love itfriendly server great food wonderful imaginative menu,1
sound quality good functionality awesome,1
aside terrible lead film load debit,0
product high quality chinese crap,0
film drop ball,0
wonderful experience make place muststop whenever town,1
show would begin smart as ed comment would totally wall uncalled,0
service fantastic,1
work well,1
pathetic attempt give character depth didnt really work rest plot,0
come run u realize husband leave sunglass table,1
happy item,0
probably never come back wouldnt recommend,0
stay away,0
place disgust,0
check everywhere feature really disappointing,0
tapa dish delicious,1
old nokia tracfone hold charge lot good,0
awesome device,1
well wouldve give godfather zero star possible,0
wait forty five minute vain,0
give one look,1
sad movie good,1
love place,1
poor service waiter make feel like stupid every time come table,0
character interesting want find longer movie go think people surprise doesnt make,1
one thing hate mode set button side,0
phone might well bad ive ever brand,0
superb phone great network,1
voice recognition tremendous,1
excellent wallet type phone case,1
attempt humor pitiful story awful dosent bear think basically involve vulcan steal enterprise find god seriously didnt care film oh mention uhura belly dance distract male guard,0
good money,0
movie completely perfect titta di girolamo stay long time vision movie,1
breakfast perpared great beautiful presentation giant slice toast lightly dust powdered sugar,1
audio quality poor poor,0
never din place,0
headphone great find think perhaps best purchase ive make last several year seriously,1
couldnt ask satisfying meal,1
little music anything speak,0
place amaze,1
really recommend faceplates since look nice elegant cool,1
guess know place would suck inside excalibur didnt use common sense,0
owner really great people,1
far work like charm,1
great place relax awesome burger beer,1
hate write bad review film especially really like star film bad dont believe one second anyone could proud,0
riot see hugo weave play sexobsessed gay real estate salesman use client house tryst flame darren tom hollander,1
could stand even watch long fear lose iq,0
due happen every call force stop use headset,0
great reception time,1
serious spoiler movie huge disappointment,0
make drive way north scottsdale one bit disappointed,1
think food flavor texture lack,0
refried bean come meal dry crusty food bland,0
far good,1
look great strong,1
movie contain allstar cast love open eye see actor havent see,1
selection menu great price,1
wont regret,1
dont know kind best iced tea,1
cast always entertaining usual,1
server negligent need make u feel unwelcome would suggest place,0
give star im give star,1
last minute movie also bad well,1
love headset bluetooth headset great reception good ear piece comfortable fit,1
much interesting action suspense less unneeded controversy,1
movie really get,1
sure lost flat character audience nearly half walk,0
felt insulted disrespect could talk judge another human like,0
burrittos blah,0
three break within two month use,0
warm feeling service felt like guest special treat,1
really impressive place hasnt close,0
year battery go completely dead headset,0
great product price,1
cant beat,1
pretty good beer selection,1
nargile think great,1
receive white colored battery go dead couple hoursthe original use last week still last long thereplacement,0
know saw film great thing come gift actor,1
jalapeno bacon soooo good,1
poor reliability,0
movie seem little slow first,0
wont regret,1
highly entertain angle,1
utterly confusing first cause lose couple important contact,0
colleague get great receptiona little expensive performance great,1
fun funny movie,1
phone pretty sturdy ive never large problem,1
one simply disappointment,0
place way overprice mediocre food,0
staff friendly wait time serve horrible one even say hi first minute,0
happy complaint one regarding sound quality end,1
budget evidently limited,0
special mention make superb music score sound effect integral element help make memorable enjoyable cartoon,1
saw movie think stupid movie,0
verizon year ago really like service,1
watch two sunday ago march begin really enjoy time tap entire thing,1
dont think back long time,0
line cut audio everything wrong,0
allow possibility double booking date time first,0
wouldnt return,0
great,1
food wasnt good,0
camera phone may use dustpan indoors id rather use disposable,0
husband ate lunch disappointed food service,0
give try happy,1
rest movie lack art charm meaning emptiness work guess empty,0
boyfriend sat bar completely delightful experience,1
never go back,0
burger good beef cook right,1
make case small difficult install,0
transfer good,1
consider relation screen taylor stanwyck surprise little chemistry screen two,0
weve get much good service pizza place next door service receive restaurant,0
recently witness poor quality management towards guest well,0
many continuity error one user comment different car garage joes glassesthe one get fact joes facial hair configuration seem change scene scene,0
absolute must visit,1
screamy masculine right,1
absolutely amazing,1
service meh,0
sound quality great,1
rude inconsiderate management,0
least pass u order food arriving wasnt busy,0
waitress good though,1
headset work peachykeen,1
love scream movie horror movie one rank way,1
great price,1
nobody identifies character theyre cardboard cutout stereotype predictably reversestereotypes,0
good transmit audio,1
go bachi burger friends recommendation disappointed,1
many close ups,0
acting fantastic story seamlessly weave together dog splendid must rent view see,1
really ugly,0
horrible switch time,0
great food price high quality house make,1
customize order way youd like usual eggplant green bean stir fry love,1
good value great food great service,1
find product easy set use,1
side delish mixed mushroom yukon gold puree white corn beateous,1
like,1
hopefully director jam cox turn short feature length film cast win u whole new film,1
time side restaurant almost empty excuse,0
place lack style,0
wait thirty minute seat although vacant table folk wait,0
light weight hardly notice,1
two bite refuse eat anymore,0
still maintain monkey shouldnt make headphone obviously dont share enough dna copy design human,0
acting youd expect cast top notch,1
wait wait,0
walk place smell like old grease trap others eat,0
needless say never back,0
unreliable service tmobile,0
week far good,1
dont go,0
song could explain emotion subject well jay adam unfortunate life subject talk song old man neil young play evoke many emotion,1
dont waste money,0
great restaurant mandalay bay,1
service terrible though,0
ambiance feel like buffet set douchey indoor garden tea biscuit,0
im sure long stand long enough begin feel awkwardly place,0
possesed get junk idea,0
awesome selection beer,1
back,1
maintain connection computer lap,0
design flaw,0
bad one series,0
doesnt make look cool,0
case flimsy piece plastic front side protection whatsoever,0
moviemaking,0
tom wilkinson break heart end everyone elses judge amount fumble hanky hand go face among male female alike,1
go lunch service slow,0
pro large seat area nice bar area great simple drink menu best brick oven pizza homemade dough,1
script look rough draft write shoot begin finished script complete,0
much good hard plastic case,1
john garfield ann revere lilli plmer william conrad canada leeand film one great cinematographer ever grace screenjames wong howe,1
awful dialogue hopeless overacting everyone get shoot top real waste space time,0
screams legit booksomethats also pretty rare vega,1
yes simplify thing sake brevity really core problem film much go without real fulfilling explanation,0
despite hard rate business actually rare give star,0
honest unbelievable nonsense foolish,0
also notable john bailey fine crisp beautifully color cinematography great production design costume eiko ishioka go memorable costume coppola dracula receive well deserve oscar,1
drain,0
place honestly blow,0
buck head really expect good food,0
start tuna sashimi brownish color obviously wasnt fresh,0
say film excellently produce top rating typical sci fi film,1
service excellent price pretty reasonable consider vegas locate inside crystal shop mall aria,1
bit sweet really spicy enough lack flavor,0
receive order well within shipping timeframe everything good working order overall excited source,1
great price also,1
case ive try normally fall apart month one seem long haul,1
click place way make wonder long mechanism would last,0
technically film well make impressive camerawork solid acting effective music riz ortolani particularly good recur unaccompanied female vocal sound like come distant hill,1
never condescend character good genuine heart believable problem,1
say,0
lange become great actress,1
great food service huge portion give military discount,1
love headset,1
excellent service,1
highly unprofessional rude loyal patron,0
get absolutely horrible reception apartment phone problem,0
bar vega ever recall charge tap water,0
like armand assante cable company summary sound interest watch twice already probably,1
know emilio estevezs directorial debut pace interplay development character well clever camera work surround character estevez play suggest natural eye,1
im still infatuate phone,1
wasnt busy know,0
would highly recommend,1
cant use case smell disgust,0
sorry make purchase,0
greatno problem,1
food gooodd,1
onscreen chemistry critical entire film genuine,1
everything appal,0
buy nokia cell phone week ago nightmare,0
stupid,0
there horrible tick sound background call never experience,0
highly recommend one blue tooth phone,1
movie awesome,1
protect phone side,1
pay bill tip felt server terrible job,0
excellent restaurant highlight great service unique menu beautiful setting,1
waste time,0
place like chipotle good,1
first think grtting good deal plug phone razr,0
act involve include like shatner nimoy bad wash make seem old look real life special effect tacky like spock rescue kirk jet pack fall mountain,0
pleasant voyage selfdiscovery,0
month worked flawlessly far,1
would recommend save room,1
definitely back,1
way plug u unless go converter,0
movie cut edge,1
bluetooth range good day ago leave phone trunk get call carry conversation without hitch,1
love really scary,1
look movie terrific cast good musicincluding shirley jones rendition way look tonight uplifting end give one try,1
motorola finally get voice quality bluetooth headset right,1
long time since entertain movie,1
aggravating,0
talk great customer service course back,1
dont think ill run back carlys anytime soon food,0
order voodoo pasta first time id really excellent pasta since go gluten free several year ago,1
nacho must,1
food average best,0
know jim oconnor energetic nobody could much george well dull,0
great audio,1
mac salad pretty bland get,0
battery excellent bargain,1
pretty gross,0
steak well trim also perfectly cook,1
phone fast send kind message web browsing significantly faster previous phone use,1
service fine waitress friendly,1
small sleek impressive look practical setup ample storage place,1
summer dine charming outdoor patio delightful,1
thing happen character personality change plot twist occur real reason script call,0
fit ear well comfortable,1
get ta love closeup slimy drool teeth,1
highly recommend modest price cellular phone,1
think,0
menu always change food quality go service extremely slow,0
piece junk,0
cant upload ringtones third party,0
one bad show time,0
wind completely useless,0
pizza good peanut sauce tasty,1
hear im driving car usually dont even put loud setting,1
place first pho amaze,1
search internet find one best value,1
staff great food delish incredible beer selection,1
find cell phone right away enter car,1
everything fine reasonable price ie,1
main thing didnt enjoy crowd old crowd around mid,0
ive never insulted felt disrespect,0
buyerbe careful,0
also slim enough fit alarm clock dock station without remove case,1
care consumer one bit,0
feel comfortable headset wear glass get way sometimes,1
tragedy struck,0
like building use couple location maybe poor hummh,0
love great armband,1
chicken dish ok beef like shoe leather,0
bad experience,0
great movie,1
button bad,0
live music friday totally blow,0
overall great experience,1
hole wall great mexican street taco friendly staff,1
perabo nice energy level obviously comfortable front camera,1
ring toneoverall good phone buy,1
story line awful,0
im sorry really cant recommend anyone,0
dont afraid subtitle worth little aversion therapy,1
bad phone ive ever month,0
great sound service,1
everything,1
receive supposedly new motorola apparently match phone charger,0
worst customer service,0
summarize food incredible nay transcendant nothing brings joy quite like memory pneumatic condiment dispenser,1
buy save alot money,1
think plan onethis sure last moto phone,0
excellent short film,1
iam pleased purchase,1
need least min get phone book time first turn phonebattery life short,0
want,1
buy mother problem battery,0
piece junk break phone day,0
thing four kid get absolutely hilarious watch,1
work great,1
like steiner dark feel like bar,1
generally lack imagination,0
battery life highly unacceptable,0
even bad ticker,0
want money back,0
best fish ive ever life,1
loud enough doesnt turn like,0
whatever prompt documentary beyond,0
like fact rest lightly ear rather inside,1
however paul schrader indeed make film mishima superb complex,1
red curry much bamboo shoot wasnt tasty,0
minute wait salad realize wasnt come time soon,0
love thing,1
walk away stuff happy first vega buffet experience,1
answer call unit never work,0
hate disagree fellow yelpers husband disappointed place,0
last time lunch bad,0
character flesh surprisingly well particularly grime blake actor deliver sharply script line right amount deadpan tongue cheek make dialogue hilarious realistic,1
way fried,0
didnt work people hear talk,0
always pleasure deal,1
would take long describe bad customer service experience amazon,0
pack,0
food isnt bad enough enjoy deal world worstannoying drunk people,0
appear actually outperform original battery china come,1
clip belt deffinitely make feel like cent upandcoming,1
pay much,0
echo problemvery unsatisfactory,0
company ship product promptly work well,1
film nothing pretext show ridiculous action scene,0
item match picture,0
want wait mediocre food downright terrible service place,0
show exactly government scientist argue humanity reason gadget,1
pleased see could replace well travled swivel holster blackberry flip,1
fly apple juice fly,0
jawbone era awesome,1
leather nice soft fit tight cut face good shape,1
complaint standard sound volume little low even turn,0
miss wish one philadelphia,1
kris kristoffersen good movie really make difference,1
satisfied cell phone day one,1
charger work week completely stop charge phone,0
story powerful exploration nature man art,1
seriously killer hot chai latte,1
server pleasant deal dont always honor pizza hut coupon,0
restaurant atmosphere exquisite,1
rickman stowe play role hilt tale childrens book writer maybe write subversive tract,1
good commentary today love undoubtedly film worth see,1
love biscuit,1
easy turn car volume control quite accessable,1
prompt service,1
unfortunately must hit bakery leftover day everything order stale,0
isnt small family restaurant fine dining establishment,1
waitress friendly,1
star brick oven bread app,1
rat,0
movie excellent job reveal complexity task incredible challenge face south africa,1
light plenty battery capacity confortable wear somewhat extended period time,1
give try eat crust teeth still sore,0
sweet potato tot good onion ring perfection close,1
high hope place since burger cook charcoal grill unfortunately taste fell flat way flat,0
could understand kind idiot would produce mess first place mention several season,0
place nice surprise,1
mostly routine factbased tv drama get boost fine performance cole,1
would give television series plus could,1
shrimp unwrap live mile brushfire literally ice cold,0
charge cingular att phone,0
film redeeming feature,0
work,1
best taco town far,1
chicken wing contain dry chicken meat ever eat,0
fresh subtle rather sublime effect,1
however finally watch film realize closed mind brilliance depict also find watch,1
stay vega must get breakfast least,1
bethe audio quality poor,0
feature outlandish array memorable psychotic lovable nut,1
chow mein good,1
love lane ive never see movie lousy,0
hackneyed write certainly make even bad bad directing,0
holster arrive match photo ad,0
wont say dont like spoiler dont want one believe film worth time,1
favorite place town shawarrrrrrma,1
try airport experience tasty food speedy friendly service,1
product excellent work well verizon one boy cheap,1
phone take forever charge like hour literally,0
jimmy stewart ever great hero hitchcock story rip along cool climax embassy function lack brood menace hitchcock black white lowbudget original,1
design odd ear clip comfortable,0
kid pizza always hit lot great side dish option kiddos,1
love fry bean,1
look nice,1
seller ship quickly much cheap competitor,1
nice headset price right,1
casting also horrible cause see really really bad actor period,0
mic joke volume quite low,0
gloriously fun fast paced fairly accurate portrayal night raver,1
however decent act action location work balance thing,0
pretty satifying experience,1
love phone handy lot feature,1
cashier care ever say still end wayyy overprice,0
dont,0
cast great,1
terrible service,0
wear glass fit fine,1
item arrive quickly work great metro pc samsung slider phone sony premium sound ear plug,1
inside really quite nice clean,1
item fantastic work perfectly,1
work great,1
average acting main person low budget clearly see,0
cool,1
nothing privileged workingeating,0
google mediocre imagine smashburger pop,0
dont know slow,0
check,1
im probably one people ever go ians like,0
food really boring,0
total waste time,0
love phone,1
put race card aside let look major flaw film destroy latifas character,0
block amaze,1
truly truly bad film,0
finally get end wouldve great handle competent people jerry falwell,0
bad film bad writing good actorsan ugly cartoon craft paul haggis people cant handle anything bold stroke storytellinga picture paint crayon,0
waste money time,0
refuse refund replace,0
point finger item menu order wont disappoint,1
wont go back,0
one boringpointless movie ever see,0
practically perfect true masterpiece sea faux masterpiece,1
keep get good well third one ive numerous palm,1
bread make inhouse,1
get incredibly fresh fish prepare care,1
wasnt watch film realise great actually,1
microphone also work well accord people call applifies everything,1
camera although rat impressive megapixels render image fall well expectation relatively high resolution,0
dit work time nokia,0
vomit bathroom mid lunch,0
stop late may bank holiday rick steve recommendation love,1
lastly mozzarella stick best thing order,1
much less jawbone go replace,1
bad purchase,0
unfortunately recharge iphone despite connect multiple power source imac external battery wall outlet etc,0
service give star,0
bother contact company dollar product learn lesson buy form online anyway,0
simply beautiful,1
predictable even chick flick,0
excellently produce one scifis best producer scot vandiver,1
great charger,1
happy product,1
actor give wonderful performance especially jennifer rubin jamie harris change nervous starlet beginning strange event part cool star,1
half way film start dislike,0
overall film interesting thoughtprovoking,1
cant believe there even sequel,0
always evening wonderful food delicious,1
potato great biscuit,1
find good movie youtube,0
killer dont expect anything original even remotely frighten,0
tom wilkinson character man prepare ordeal begin take matter hand story progress great actor give performance make feel character anguish suffer,1
tonight elk filet specialand suck,0
disappointed,0
sound clear people talk amaze quality,1
delicious,1
directing sloppy best,0
angus scrimm also turn good performance somewhat brief memorable role gently menace violinplaying anatomist doctor quinn,1
really vegas fine dining use right menu hand lady price list,1
second appearance mickey mouse follow silent plane crazy earlier year probably famous filmmostly groundbreaking,1
tiny toon keep vibe deliver one popular funny underrated cartoon ever create,1
never ever go back tell many people happen,0
telephone repair man really funny reaction nut bitchy bos truly genuine,1
good protection make phone bulky,1
youd iq particularly stupid mollusk see one come,0
accompanied software almost brilliant,1
isnt even achievement sobaditsgood sobaditsmemorable movie,0
rock world certainly must see anyone social physical outlet,1
work,0
european movie nice throwback time student experience live abroad interact nationality although circumstance slightly different,1
unfortunately virtue films production work lose regrettable script,0
service great even manager come help table,1
pretty awesome place,1
receive headset good time happy,1
later find lose power film,1
much good food vega feel cheat waste eat opportunity go rice company,0
minute wait get table,0
get pay guess,0
use two day wasnt always easy hear,0
addition feel amp look phone lightweight cheap plastic,0
much flavor poorly construct,0
design might ergonomic theory could stand ear,0
product great make work lot easy go copier wait hold something,1
cool phone,1
reception poor,0
one place phoenix would definately go back,1
also serve indian naan bread hummus spicy pine nut sauce world,1
attractive appear good quality,1
quit work id use month purchase another one best headset ive ever own,1
seat immediately,1
dont much pasta love homemade hand make pasta thin pizza,1
really love story line poler bear kinda cutebut anyone question fort steele ask away,1
work like charm work one get phone,1
bad actually worth see reason,0
maybe vegetarian fare ive twice think average best,0
deal good enough would drag establishment,0
damian talented versatile many way writing portray different character screen,1
excellent product price,1
happy,1
success film depend casting sydney greenstreet alexander yardley character,1
lunch great experience,1
also decide send back waitress look like verge heart attack,0
happen next prettyoff put,0
service friendly invite,1
completely gross,0
han nan chicken also tasty,1
disappointing experience,0
result film dont look right,0
ive also problem phone read memory card always turn,0
utterly without merit level akin torture,0
plan order,1
sometimes embarrassing look away,0
server nice attentive serving staff,1
fan genre heaven,1
director neil labute us brutal violence seperate dream reality along touching drama hilarious comedy never tell go happen next,1
chef friendly good job,1
bad software ever use could give zero star would,0
plus movie rather modest budget fast running time amazing job,1
sergeant pepper beef sandwich auju sauce excellent sandwich well,1
pan cake everyone rave taste like sugary disaster tailor palate six year old,0
first time cant wait next,1
good wear hat sunglass,0
bad everyone else involve didnt share crowes level dedication quality wed far good film hand subpar mess,0
disappointing,0
work cell phone plug set charger,0
mega pixel camera part phone reasonably,1
know make wise decision,1
sure order dessert even need pack togo tiramisu cannoli die,1
lame would best way describe,0
overall dont think would take parent place make similar complaint silently felt,0
fantastic service,1
five star plus plus,1
could get strong enough signal,0
unless youre visually collect extant film austen work skip one,0
do second movie,0
really hope team behind movie make movie continue kinda weird style,1
manna heaven terrific film predictable unpredictable time,1
kind hard mess steak,0
good quality bargain buy buy cheapy big lot sound awful people end couldnt hear,1
seller understanding patient would definitely buy,1
adorable see mickey play turkey straw highly imaginative occasionally cruel way,1
speaking music unbearably predictably kitchy,0
omelet die,1
think acting skilled,1
year however remind u huston still top game evince faithful adaptation james joyce acclaim novella dead,1
understated film leave lasting impression,1
good film indeed great unconditional love,1
choice headset yearsgreat sound good volume good noise cancellation,1
eew location need complete overhaul,0
thing go wrong burn saganaki,0
early film future goremeister lucio fulci good addition giallo subgenre,1
really fantastic thai restaurant definitely worth visit,1
visual effect awful,0
dont accountant know im get screw,0
lately extremely nice helpful phone,1
product exactly described,1
surely doesnt know make coherent action movie screenwriter air force one oblige write script big sum money,0
certainly comfortable functionality decent,1
seasonal fruit fresh white peach puree,1
perhaps phone defective people hear use,0
hand best phone ive ever,1
sound quality end excellent use headset call wife ask wife use headset call,1
make story different terrific production value faultless photography composition edit terrific cast underappreciated brian keith play bully teddy vivid history,1
opportunity today sample amazing pizza,1
totally absolutely recommend movie anyone like good wholesome family movie exactly,1
waste money,0
wear everyday hold well,1
dont buy,0
several time past experience always great,1
bland liking place number reason dont want waste time bad review ill leave,0
generally line plot weak average episode,0
see probably leave shelf,0
fantastic neighborhood gem,1
work,0
setup couldnt simpler,1
prosgood camera nice picture also cool style like black white,1
device great several,1
wife lobster bisque soup lukewarm,0
additional ear gel provide instruction whatsoever,0
im please,1
kid play area nasty,0
plot storyline,0
jabra earset happy sound quality especially outgo well,1
present idyllic yet serious portrayal ups down character life,1
wont work right atleast,0
love ringtones upbeat,1
great way finish great,1
understand suppose cheap popcorn comedy doesnt mean completely insult intelligence write incredibly hackneyed border offensive,0
try cape cod ravoli chickenwith cranberrymmmm,1
menu diverse reasonably price,1
fact im go round star awesome,1
hour half waste time follow bunch pretty high schoolers whine cry life,0
think youd venture away get good sushi place really hit spot night,1
utter crap sound quality terrible,0
arent one make scene restaurant dont get itdefinitely lose love one,0
omg food delicioso,1
trumbull love lucy,1
interesting part town place amaze,1
consider excellent story solid acting look film added bonus,1
service super friendly,1
buy hop could make bluetooth headset fit well thing make impossible wear,0
phone hold charge like new,1
incredible,1
reception headset excellent,1
group claim would handle u beautifully,1
awful,0
item state include description include,0
enjoy pizza brunch,1
great camera thats pic nice clear great picture quality,1
ripped banana rip petrified tasteless,0
truly art movieit actually lot art,1
thats rightthe red velvet cakeohhh stuff good,1
little geeky think thats sex toast rock ooze sex right battery embed sleek stylish leather case,1
shrimp tender moist,1
chain im fan beat place easily,0
camera color balance awful,0
would definitely recommend wing well pizza,1
work good,1
third cheese friend burger cold,0
couldnt use unit sunglass good texas,0
veggitarian platter world,1
huge awkward piece cow gristle fat,0
work well,1
usually dont like headband one lightweight doesnt mess hair,1
omg felt like never eat thai food dish,1
find inexcusable probably return phone perhaps change carrier,0
also taste mom multigrain pumpkin pancake pecan butter amaze fluffy delicious,1
everything act cinematography solid,1
day later puff smoke come phone use,0
would definitely recommend jabra look comfort clarity great price,1
arrive quickly much less expensive others sell,1
magical help,1
hat,0
new battery work great phone,1
hop,0
crouton also taste homemade extra plus,1
ambiance isnt much well,0
believe screenwriter good job tie loose end,1
bad character bad story bad acting,0
doesnt job,0
friend pasta also bad barely touch,0
howeverthe riingtones best neither game,0
staff great ambiance great,1
horrible horrible protector,0
food good enjoy every mouthful enjoyable relaxed venue couple small family group etc,1
garbo show right bat talent could carry silent era want see silent work netflix doesnt seem stock,1
little device transform organizational capability make life whole lot easy,1
would highly recommend product,1
place receive star appetizer,1
start review two star im edit give one,0
particularly pleased act ability dwight schultz,1
know give,1
lot hole plot theres nothing become emperor nothing spend year childhood mature age,0
receive use product day break,0
manage bend leaf spring back place metal enough stress break next drop,0
special thanks dylan recommendation order yummy tummy,1
earbud piece break easily,0
perfect someone like beer ice cold case even colder,1
leave theater lilt step joy heart hope human race,1
simply excuse something poorly do,0
order,1
convenient since stay mgm,1
everything bad,0
overprice get,0
yet plantronincs continue use flawed charger design,0
excellent sound quality,1
say food amaze,1
edit editing film phenomenal opinion,1
stupid keep buy new charger car charger cradle headphone car kit every time new phone come,0
unbelievable bargain,1
fit,0
spicy enough perfect actually,1
classywarm atmosphere fun fresh appetizer succulent steak baseball steak,1
keep watch,1
good,0
toro tartare cavier extraordinary like thinly sliced wagyu white truffle,1
cashier friendly even bring food,1
nice relax late night view,1
bad thai ever,0
much good ayce sushi place go vega,1
first glance lovely bakery cafe nice ambiance clean friendly staff,1
speaker low quality make ring tone sound cheap,0
even hello right,0
downside service,0
impressed job motorola sturdiness phone,1
never walk movie faster,0
actually smart movie,1
connect wife bluetoothmotorola phone work like charm whether phone pocket case,1
bartender also nice,1
still make super end depict great sea vessel take mighty frost,1
great use home stereo,1
displeased,0
work described,1
movie litter overt racial slur towards black cast member return white depict moron boob,0
fit comfortably come three size earbud tip,1
great music terrific scenery,1
item great installed let charge overnite work good every since problem,1
color even pretty think would graphic incredibly sharp,1
loose connection phone even within couple foot two,0
price reasonable service great,1
sangria half glass wine full ridiculous,0
product strong rubberpetroleum smell unbearable cause return,0
still wild stuff though highly recommend fan giallo cinema,1
would reccommend,0
work great,1
enjoyment get see run around play game dangerous,1
would advise purchase item never work well,0
service beyond bad,0
delicious absolutely back,1
get phone reccomendation relative im glad,1
one fail create real suspense,0
bt headset disapoinment,0
love bluetooth,1
never bring salad ask,0
seriously believe owner many unexperienced employee run around like chicken head cut,0
rave review couldnt wait eat herewhat disappointment,0
fabulous,1
seem like good quick place grab bite familiar pub food favor look elsewhere,0
think restaurant suffers try hard enough,0
plot keep go first place,0
service bit lack,0
cant tell disappointed,0
freeze,0
work great car charger especially plug two adapter time,1
im quite satisfied purchase,1
saw movie today think good effort good message kid,1
satisifed,1
extremely rude really many restaurant would love dine weekend vega,0
worst customer service ever,0
bluetooth work phone lock screen flash make call randomly pocket lock,0
there also enough hypocrisy film make vomit,0
excellent,1
lassie movie put sleep forever,0
really like crepe station,1
table service pretty fast,1
art style appearance crayonpencil drawing wonderfully colorful fanciful,1
also combo like burger fry beer decent deal,1
phone get year old slowly break despite much care part,0
piece trash ever release beyond act story character supposedly special effect etcits wrong,0
excellent dualpurpose headset,1
good stretch imagination,0
buy buyit suck,0
think wonderful part literally full wonder excerpt work,1
due fact take minute acknowledge another minute get foodand keep forget thing,0
purchase family friend enjoy clarity ease use,1
different cut piece day still wonderful tender well well flavored,1
delicious nyc bagel good selection cream cheese real lox caper even,1
want sandwich go firehouse,1
omit watch,0
real sushi lover let honest yama good,0
tired clichés lazy writing come thick fast,0
pancake also really good pretty large,1
seafood fresh generous portion,1
good quality,1
buy different phone,0
absolutley fantastic,1
good case,1
worth drive,1
meredith good right,1
id say would hard decision honestly m dish taste suppose taste amaze,1
selection probably bad ive see vegasthere none,0
didnt want clip go top ear causing discomfort,0
daily special always hit group,1
disappointed,0
movie interesting begin end,1
ive well dedicate boba tea spot even jenni pho,0
yes bad,0
ear bud play music one ear,0
would recommend purchase jabra series work flawlessly moto go figure,1
thing disappoint infra red port irda,0
result well shame,0
also feel like chip buy make house,0
atmosphere fun,1
maybe werent cold would somewhat edible,0
film look cheap bland,0
acting help writing along well maybe idiotsavant sister could play well real joy watch,1
dress treat rudely,0
im side town definitely spot ill hit,1
good work fine,1
price good,1
still quite interesting entertain follow,1
far sushi connoisseur definitely tell difference good food bad food certainly bad food,0
dont waste money,0
insult profound deuchebaggery go outside smoke break serve solidify,0
good case excellent value,1
central theme film handle ineptly stereotypically depth imagination,0
also didnt like button felt like would crack use,0
movie mindbendingly awful couldnt even create,0
goldencrispy delicious,1
bad quality,0
duet astronaut doctor beginning movie perfect exchange one consider movie make well cold war astronaut big fear crash ussr,1
disappointing thing speakerphone,0
dont waste time watch rubbish nonresearched film,0
good audio quality,1
battery life real good,1
several moment movie didnt need excruciatingly slow move,0
headset fulfills requirement happy purchase,1
one note ventilation could use upgrading,0
restaurant always full never wait,1
several dozen several hundred contact imagine fun send one one,0
strike want rush,0
crostini come salad stale,0
food quality horrible,0
great product,1
highly recommend case,1
felt like gripping intelligent stage play without overly theatrical feel one actually get watch people stage play everyones terror white lie escalate monstrous consequence,1
like really sexy party mouth youre outrageously flirt hot person party,1
ambience perfect,1
great product fast shipping,1
great value,1
problem item would order need,1
excellent phone,1
lose marble early proceeding totally implausible unconvincing,0
im use iriver spinn case fit fine,1
conclusion filling meal,1
rate movie,1
nearly good look amazon picture make look,0
cant say enough good thing place,1
great food,1
plug work well,0
food par dennys say good,0
personally love hummus pita baklava falafel baba ganoush amaze eggplant,1
server go back forth several time even much help,0
great service food,1
definitly recommend,1
pizza taste old super chewy good way,0
company charge restock fee still give refund back,0
presentation food awful,0
best phone market,1
still good actor around,1
server nice even though look little overwhelmed need stay professional friendly end,1
nonlinear narration thus many flashback every part articulate quite well,1
enjoy,1
overall rate movie scale,1
nice headphone price work great,1
badwellits bad,0
one best italian thriller early,1
one bad sandra bullock movie since speed quite bad,0
nutshell restaraunt smell like combination dirty fish market sewer,0
cutout button place perfectly,1
good selection food include massive meatloaf sandwich crispy chicken wrap delish tuna melt tasty burger,1
drink take close minute come one point,0
text messaging feature really tricky use,0
probably irritating show ever see entire life,0
film deserve strong kudos take stand exceptional act mostly lesserknown cast superintelligent script doesnt insult audience take easy way come white racism,1
sashimi poor quality soggy tasteless,0
razr owneryou must,1
anyway plot flow smoothly malebonding scene hoot,1
place good film garbage,0
problem script,0
there barely boring moment film plenty humorous part,1
real improvement,0
read please dont go,0
oh charger seem work fine,1
plot pretty much every cheap horror,0
order correct,0
good side staff genuinely pleasant enthusiastic real treat,1
saggy floppy piece junk,0
volume ringer real good choice loud,1
sister one also love,1
cant see movie inspiration anyone come overcome fear rejection,0
excited get headset think really cute,1
almost unbearable watch screen little charisma terrible comedic timing,0
reversible plug work great,1
highly recommend encourage people give try,1
salad bland vinegrette baby green heart palm,0
definitely worth check,1
im really sure joeys vote best hot dog valley reader phoenix magazine,0
good servicecheck,1
impressed headset plantronics,1
unreliable im give,0
ill put gem movie term screenplay cinematography act postproduction edit direct aspect filmmaking,1
steak shrimp opinion best entree gc,1
waitress manager friendly,1
despite pan reviewer like movie,1
big complaint battery drain superfast,0
politically correct,0
take hour get food table restaurant food luke warm sever run around like totally overwhelmed,0
well make fit surefire perfectly,1
headset easy use everyone love,1
advise look,1
warn youdo rent movie dumb thing never see,0
low quality,0
frog phone charm adorable eye catching,1
lady table next u find live green caterpillar salad,0
mediocre miserable hollow laughable predictable piece garbage,0
dessert panna cotta amaze,1
chicken get definitely reheat ok wedge cold soggy,0
pretty picture world make piece work flaw core,0
filmiing less expansive,0
thoroughly disappointed,0
two felt disgust,0
fry hot neither burger,0
fun chef,1
think bad,0
definately enjoy,1
cast veteran actor nostalgia trip,1
kathy bates wonderful character subtle desperation escapism variation character play field lord,1
new fav vega buffet spot,1
easy pair samsung cell,1
time bad customer service,0
majority logitech earbud headset fail,0
waste money,0
chinese forgery abound,0
come verizon cingulair nicer cell phone first thing notice really bad service,0
dont think redeeming quality remake,0
time film end dislike despise,0
would recommend place,0
want real scare rent one,1
excellent new restaurant experienced frenchman,1
best headset ever,1
top line dont waste time money one bad come,0
zillion time away reality,0
great touch,1
pretty good product,1
service quick friendly,1
impressed go original battery extended battery,1
spend money elsewhere,0
waitress sweet funny,1
ill take business dinner dollar elsewhere,0
actor truly understand become particular character deliver convincing sincere performance,1
stop place madison ironman friendly kind staff,1
waste money,0
ive miss numerous call reason,0
watch however small consolation actress play anne sister wonderful job role,1
fit palm tungsten break first time try plug,0
awesome service food,1
really find funny,1
never go back place never ever recommend place anyone,0
setup go smoothly,1
funny,1
convenient simple use get job do make car ride much smoother,1
worst ever,0
span hour two people exclaim whoa new phone tv,1
try go lunch madhouse,0
see many movie star jaclyn smith god one best though come year ago,1
place pretty good nice little vibe restaurant,1
boyfriend come first time recent trip vega could pleased quality food service,1
probably wont come back,0
fact stinker smell like directtovideo release,0
recently try caballeros back every week since,1
perform awful muffle tinny incoming sound severe echo end call,0
couldnt figure,0
plot,0
well package arrive time work intend,1
piece crap,0
buyer beware could flush money right toilet,0
bad piece crap ever along verizon customer service,0
dont know exactly movie latch endear movie become special part family memory,1
also phone drop case go save specially drop face,0
let girlfriend talk see bad idea hat,0
assure wont disappoint,1
dont waste money time,0
item receive counterfeit,0
would avoid place stay mirage,0
none three size send headset would stay ear,0
would recommend others,0
courtroom drama compelling indictment american justice system frightening,1
cast good,1
wasnt busy either also building freeze cold,0
awful,0
doesnt last long,0
sure beat nacho movie would expect little bit come restaurant,0
character onedimensional even good guy especially bad guy,0
blue ant easy use,1
didnt know pull pork could soooo delicious,1
final word show real torture,0
recommend confidence,1
originality freshness first movie spend remake little else offer,0
buy want use holster,0
perhaps catch night judging review im inspire go back,0
saw film christmas great film,1
jerk phone,0
love cable allow connect miniusb device pc,1
place horrible way overprice,0
watch price inflate portion get small management attitude grow rapidly,0
today second time ive lunch buffet pretty good,1
masterful piece filmmaking many theme simmer occasionally boil wart study poet bohemian selfindulgent wartime year span aerial bombardment london outward tranquillity welsh coastal retreat borderline friendship lust love dedication art experience versus practical concern jealousy rivalry cowardice egotism versus heroism selfsacrifice,1
stay away store careful,0
open battery connection break device turn,0
amaze quick arrival two original lg cell phone battery fraction price,1
thats huge design flaw unless im use correctly dont think case,0
convention never work well past certainly doesnt work,0
food delicious spicy enough sure ask spicy prefer way,1
interest decor,1
plot doesnt hang together acting absolutely appal,0
good order twice,1
cumbersome design,0
back many time soon,1
absolutel junk,0
really like product motorola allot clearer ear piece mic,1
predictable bad watch,1
welldesigned sharp blue nice color,1
emily watson character strong give quick glance understand everything,1
greedy corporation never see another dime,0
cant wait go back,1
great food great service clean friendly setting,1
great steak great side great wine amazing dessert,1
comfortable ear,1
one favorite purchase ever,1
possible movie get bad,0
consider two u leave full happy cant go wrong,1
food come good pace,1
worth,0
horrendous,0
make strange tick noise end call,0
overall would recommend phone new walkman,1
star,1
base subpar service receive effort show gratitude business wont go back,0
also best cheese crisp town,1
stanwyck morgan perfectly cast many way modern equivalent dickens christmas carol sensibility,1
fit like glove strong secure durable,1
dont miss,1
point friend basically figure place joke didnt mind make publicly loudly know,0
see movie definitely recommend,1
con spotty service,0
cheap plastic creak like old wooden floor,0
mean really get famous fish chip terrible,0
also make easy hold,1
staff spend time talk,0
still set get big oyvey scale,1
good go review place twice hereas tribute place tribute event hold last night,1
movie movie situation beginning game play acting coach fascinate,1
go watch,1
well make easy access phone handy detachable belt clip,1
first visit hiro delight,1
movie pure disaster story stupid editing bad see confuse incredibly,0
definitely come back,1
pleather case doesnt fit,0
hard judge whether side good gross melt styrofoam didnt want eat fear get sick,0
dont waste one,0
pick speed get right point,1
great product price,1
wait hour never get either pizza many around u come later,0
similarly delivery man say word apology food minute late,0
burger arent good pizza use amazing doughy flavorless,0
would recommend item anyone,0
cook perfection service impeccable,1
ive trouble access internet download ringtones perform function,1
ive try several different earpiece cell phone jabra one first one ive find fit ear comfortably,1
even fully charge go bed turn blue tooth wifi notice leave morning,0
call steakhouse cant properly cook steak dont understand,0
overall disappointed quality food bouchon,0
itll regular stop trip phoenix,1
definitely would eat,0
price think place would much rather go,0
ill look new earpiece,0
dont like nokia either,0
pleased headset,1
promptly greet seat,1
work fine motorola cellphone lot good wornout battery,1
nokia usb cable work phone,0
poor quality,0
really good far probably best bt headset ever,1
avoid cost,0
soundtrack wasnt terrible either,1
server fantastic find wife love roast garlic bone marrow add extra meal another marrow go,1
play louder speaker size price low would think quality lack however,1
comfortable hand,1
love sushi find kabuki overprice overhip underservices,0
recently problem could stay connect minute disconnect,0
fast service,1
excellent starter wireless headset,0
nine ten truly lovely film,1
sanyo survive dozen drop blacktop without ill effect,1
battery hold well,1
probably hurry go back,0
go since every meal awesome,1
could use exemplar set designer,1
great atmosphere friendly fast service,1
first bathroom location dirty seat cover replenish plain yucky,0
good expect,1
whine internet goesthe use thing less like,0
rare filmmaker take time tell worthy moral tale care love doesnt fall trap overly syrupy indulgent,1
great phone,1
service suck,0
dialogue compose thing make little sense,0
im az time new spot,1
get small adorable,1
beware,0
turkey roast beef bland,0
one big drawback player button phone front cover let pause skip song lock second,0
barely ever hear constantly say,0
best charger see market yet,1
everything movie stupid,0
movie boring sometimes find occupy peak paper instead watch never happen columbo movie,0
worth check,1
every single character hilarious deserve call lead,1
role play well,1
place deserve one star food,0
julian fellowes triumph,1
script big flawed mess,0
case would order another,1
wont ever go,0
use slowmotion needlessly repeat throughout movie well back bad acting bad kind word continuity scenes throw reason whatsoever vehicle look like make corn flake box directorial style border stupidity,0
great food awesome service,1
however pretty good act least type film,1
set especially design work camera amazingstylized beautiful effective,1
didnt charge,0
pda rock,1
boring,0
problem others mention,0
easy watch,0
service par either,0
delete film mind,0
easy use,1
could barely stomach meal didnt complain business lunch,0
wait hour breakfast could do time well home,0
great phone,1
reflect cast also belowpar script borrow much early classic,0
think robert ryans best film portray someone like father schizophrenic real lifemy father although never murder anyone affect second world war make worse,1
lovely little thriller hitchcock lot nice shenanigan surround murder spy kidnap child nasty church foreign plot random taxidermist,1
excellent sound battery life inconspicuous boot,1
price amazon excellent product would highly recommend,1
particularly remember sens assault strident cord music would blare little warning even less mean,0
